zu,perc_ater_tot_abitazioni,prezzo_camere_mese,perc_giovani_tot_pop,reddito_lordo_mese
01A,2.4,600.0,11.29,790.70
01B,2.4,560.0,10.08,790.70
01C,2.4,512.0,11.21,790.70
01D,2.4,450.0,9.93,790.70
01E,2.4,520.0,9.93,790.70
01F,2.4,540.0,9.82,790.70
01G,2.4,560.0,9.72,790.70
01X,2.4,525.0,7.29,790.70
17A,2.4,614.0,9.66,790.70
17B,2.4,490.0,9.97,790.70
17C,2.4,540.0,9.42,790.70
02A,1.0,380.0,82.98,757.03
02B,1.0,614.0,11.24,757.03
02C,1.0,525.0,9.61,757.03
02D,1.0,522.0,11.07,757.03
02E,1.0,496.0,11.02,757.03
02X,1.0,,9.75,757.03
02Y,1.0,600.0,12.33,757.03
03A,1.0,492.0,11.67,757.03
03B,1.0,481.0,11.01,757.03
03X,1.0,360.0,15.82,757.03
03Y,1.0,512.0,8.85,757.03
04A,10.2,423.0,10.2,772.09
04B,10.2,361.0,9.1,772.09
04C,10.2,350.0,10.35,772.09
04D,10.2,295.0,11.82,772.09
04E,10.2,400.0,10.73,772.09
04F,10.2,443.0,10.7,772.09
04G,10.2,452.0,9.97,772.09
04H,10.2,467.0,10.73,772.09
04I,10.2,390.0,11.02,772.09
04L,10.2,,10.85,772.09
04M,10.2,,106.88,772.09
04N,10.2,600.0,11.58,772.09
04O,10.2,,12.57,772.09
05A,16.7,418.0,11.06,766.94
05B,16.7,403.0,10.39,766.94
05C,16.7,439.0,11.0,766.94
05D,16.7,357.0,11.35,766.94
05E,16.7,428.0,13.24,766.94
05F,16.7,300.0,128.67,766.94
05G,16.7,421.0,10.79,766.94
05H,16.7,365.0,116.59,766.94
05I,16.7,340.0,13.45,766.94
05L,16.7,363.0,11.9,766.94
06A,7.2,405.0,10.95,756.70
06B,7.2,407.0,10.75,756.70
06C,7.2,382.0,11.15,756.70
06D,7.2,357.0,11.01,756.70
07A,7.2,383.0,11.51,756.70
07B,7.2,345.0,11.68,756.70
07C,7.2,425.0,11.82,756.70
07D,7.2,,13.09,756.70
07E,7.2,,11.59,756.70
07F,7.2,,12.65,756.70
07G,7.2,,13.12,756.70
07H,7.2,,10.46,756.70
08A,10.0,337.0,11.62,791.22
08B,10.0,372.0,12.65,791.22
08C,10.0,319.0,12.72,791.22
08D,10.0,,10.43,791.22
08E,10.0,420.0,11.13,791.22
08F,10.0,353.0,127.47,791.22
08G,10.0,457.0,13.74,791.22
08H,10.0,,11.05,791.22
09A,1.3,464.0,10.18,766.70
09B,1.3,442.0,10.39,766.70
09C,1.3,,12.01,766.70
09D,1.3,485.0,10.42,766.70
09E,1.3,494.0,10.63,766.70
10A,1.3,403.0,10.6,766.70
10B,1.3,406.0,10.93,766.70
10C,1.3,,10.14,766.70
10D,1.3,,11.58,766.70
10E,1.3,400.0,10.64,766.70
10F,1.3,414.0,11.55,766.70
10G,1.3,411.0,12.86,766.70
10H,1.3,367.0,12.11,766.70
10I,1.3,392.0,10.54,766.70
10L,1.3,430.0,11.73,766.70
10X,1.3,450.0,18.34,766.70
11A,6.8,454.0,10.41,754.94
11B,6.8,467.0,10.87,754.94
11C,6.8,467.0,10.18,754.94
11D,6.8,486.0,100.38,754.94
11E,6.8,408.0,10.24,754.94
11F,6.8,410.0,110.84,754.94
11G,6.8,425.0,10.09,754.94
11X,6.8,400.0,12.74,754.94
11Y,6.8,,12.72,754.94
12A,4.7,380.0,117.94,996.28
12B,4.7,388.0,106.09,996.28
12C,4.7,410.0,11.97,996.28
12D,4.7,477.0,10.54,996.28
12E,4.7,405.0,11.46,996.28
12F,4.7,500.0,9.79,996.28
12G,4.7,338.0,11.88,996.28
12H,4.7,318.0,12.56,996.28
12I,4.7,335.0,12.49,996.28
12L,4.7,300.0,11.85,996.28
12M,4.7,500.0,13.59,996.28
12N,4.7,,12.71,996.28
12X,4.7,,6.67,996.28
13A,7.3,370.0,9.38,955.87
13B,7.3,300.0,12.45,955.87
13C,7.3,325.0,12.13,955.87
13D,7.3,,12.03,955.87
13E,7.3,500.0,11.83,955.87
13F,7.3,372.0,10.94,955.87
13G,7.3,416.0,10.96,955.87
13H,7.3,404.0,117.11,955.87
13I,7.3,350.0,11.81,955.87
13X,7.3,450.0,16.67,955.87
15A,7.5,478.0,10.47,782.32
15B,7.5,458.0,98.57,782.32
15C,7.5,400.0,10.66,782.32
15D,7.5,458.0,11.82,782.32
15E,7.5,,10.96,782.32
15F,7.5,450.0,10.52,782.32
15G,7.5,,11.74,782.32
16A,1.5,468.0,102.59,735.01
16B,1.5,390.0,10.34,735.01
16C,1.5,473.0,12.63,735.01
16D,1.5,476.0,10.09,735.01
16E,1.5,450.0,12.27,735.01
16F,1.5,350.0,11.96,735.01
16X,1.5,,1.55,735.01
18A,1.8,523.0,9.75,752.17
18B,1.8,411.0,10.02,752.17
18C,1.8,400.0,12.22,752.17
18D,1.8,494.0,9.83,752.17
18E,1.8,450.0,12.46,752.17
18F,1.8,,11.88,752.17
19A,5.5,441.0,10.8,811.84
19B,5.5,395.0,11.14,811.84
19C,5.5,375.0,11.41,811.84
19D,5.5,360.0,12.43,811.84
19E,5.5,396.0,114.45,811.84
19F,5.5,587.0,8.78,811.84
19G,5.5,313.0,11.83,811.84
19H,5.5,,12.55,811.84
20A,1.7,450.0,11.22,832.57
20B,1.7,500.0,11.89,832.57
20C,1.7,350.0,11.51,832.57
20D,1.7,550.0,11.38,832.57
20E,1.7,500.0,12.11,832.57
20F,1.7,400.0,13.33,832.57
20G,1.7,392.0,10.71,832.57
20H,1.7,370.0,12.28,832.57
20I,1.7,,12.08,832.57
20L,1.7,400.0,12.07,832.57
20M,1.7,344.0,12.26,832.57
20N,1.7,366.0,13.23,832.57
20O,1.7,,12.5,832.57
20X,1.7,600.0,9.32,832.57
