zu,perc_ater_tot_abitazioni,prezzo_camere_mese,perc_giovani_tot_pop,reddito_lordo_mese,Densita_servizi_kmq,Tasso_disoccupazione
01A,2.4,600,11.3,790.7,2.30,7.75
01B,2.4,560,10.1,790.7,1.31,12.50
01C,2.4,512,11.2,790.7,0.40,8.13
01D,2.4,450,9.9,790.7,1.08,9.53
01E,2.4,520,9.9,790.7,1.60,8.54
01F,2.4,540,9.8,790.7,2.11,6.30
01G,2.4,560,9.7,790.7,0.97,7.11
01X,2.4,525,7.3,790.7,0.05,2.98
17A,2.4,614,9.7,790.7,0.18,9.13
17B,2.4,490,10.0,790.7,0.48,4.98
17C,2.4,540,9.4,790.7,0.59,6.71
02A,1.0,380,8.3,757.0,0.77,5.56
02B,1.0,614,11.2,757.0,0.75,6.32
02C,1.0,525,9.6,757.0,0.34,4.74
02D,1.0,522,11.1,757.0,0.05,4.50
02E,1.0,496,11.0,757.0,0.71,6.53
02X,1.0,565,9.8,757.0,2.22,8.85
02Y,1.0,600,12.3,757.0,0.34,7.69
03A,1.0,492,11.7,757.0,0.03,8.08
03B,1.0,481,11.0,757.0,0.29,8.02
03X,1.0,360,15.8,757.0,0.19,9.05
03Y,1.0,512,8.9,757.0,0.43,7.25
04A,10.2,423,10.2,772.1,0.25,11.03
04B,10.2,361,9.1,772.1,0.14,10.77
04C,10.2,350,10.4,772.1,0.11,8.85
04D,10.2,295,11.8,772.1,0.63,7.74
04E,10.2,400,10.7,772.1,0.85,7.33
04F,10.2,443,10.7,772.1,0.47,14.39
04G,10.2,452,10.0,772.1,0.03,11.85
04H,10.2,467,10.7,772.1,0.10,8.49
04I,10.2,390,11.0,772.1,0.01,11.03
04L,10.2,429,10.9,772.1,0.00,12.20
04M,10.2,410,10.7,772.1,0.66,8.76
04N,10.2,600,11.6,772.1,0.25,10.54
04O,10.2,421,12.6,772.1,0.20,11.89
05A,16.7,418,11.1,766.9,0.28,10.87
05B,16.7,403,10.4,766.9,0.15,13.40
05C,16.7,439,11.0,766.9,0.03,17.01
05D,16.7,357,11.4,766.9,0.34,8.96
05E,16.7,428,13.2,766.9,0.26,10.02
05F,16.7,300,12.9,766.9,0.02,6.65
05G,16.7,421,10.8,766.9,0.05,11.40
05H,16.7,365,11.7,766.9,1.10,9.38
05I,16.7,340,13.5,766.9,0.27,10.15
05L,16.7,363,11.9,766.9,0.61,10.59
06A,7.2,405,11.0,756.7,0.49,9.51
06B,7.2,407,10.8,756.7,0.71,10.59
06C,7.2,382,11.2,756.7,0.28,11.41
06D,7.2,357,11.0,756.7,0.27,10.40
07A,7.2,383,11.5,756.7,0.17,11.77
07B,7.2,345,11.7,756.7,0.13,9.95
07C,7.2,425,11.8,756.7,0.02,6.81
07D,7.2,363,13.1,756.7,0.05,11.56
07E,7.2,385,11.6,756.7,0.05,10.55
07F,7.2,357,12.7,756.7,0.14,36.76
07G,7.2,382,13.1,756.7,0.27,10.78
07H,7.2,425,10.5,756.7,0.09,12.05
08A,10.0,337,11.6,791.2,0.01,7.76
08B,10.0,372,12.7,791.2,0.05,11.47
08C,10.0,319,12.7,791.2,0.10,13.04
08D,10.0,379,10.4,791.2,0.03,12.75
08E,10.0,420,11.1,791.2,0.01,12.09
08F,10.0,353,12.8,791.2,1.13,8.17
08G,10.0,457,13.7,791.2,0.77,8.39
08H,10.0,420,11.1,791.2,0.10,13.96
09A,1.3,464,10.2,766.7,0.99,7.78
09B,1.3,442,10.4,766.7,0.70,7.36
09C,1.3,416,12.0,766.7,0.76,9.91
09D,1.3,485,10.4,766.7,0.31,8.51
09E,1.3,494,10.6,766.7,0.06,8.48
10A,1.3,403,10.6,766.7,0.15,8.85
10B,1.3,406,10.9,766.7,0.29,7.17
10C,1.3,405,10.1,766.7,0.14,10.81
10D,1.3,400,11.6,766.7,0.12,11.82
10E,1.3,400,10.6,766.7,0.10,9.67
10F,1.3,414,11.6,766.7,0.09,7.71
10G,1.3,411,12.9,766.7,0.08,9.70
10H,1.3,367,12.1,766.7,0.06,11.90
10I,1.3,392,10.5,766.7,0.90,8.61
10L,1.3,430,11.7,766.7,0.23,9.21
10X,1.3,450,18.3,766.7,0.78,8.56
11A,6.8,454,10.4,754.9,0.23,5.50
11B,6.8,467,10.9,754.9,0.18,7.13
11C,6.8,467,10.2,754.9,0.24,6.41
11D,6.8,486,10.0,754.9,0.08,6.97
11E,6.8,408,10.2,754.9,0.01,6.79
11F,6.8,410,11.1,754.9,0.00,17.35
11G,6.8,425,10.1,754.9,0.02,6.01
11X,6.8,400,12.7,754.9,0.01,7.13
11Y,6.8,389,12.7,754.9,0.01,6.97
12A,4.7,380,11.8,996.3,0.01,9.97
12B,4.7,388,10.6,996.3,0.00,6.78
12C,4.7,410,12.0,996.3,0.01,7.00
12D,4.7,477,10.5,996.3,0.01,9.45
12E,4.7,405,11.5,996.3,0.00,7.55
12F,4.7,500,9.8,996.3,0.00,8.29
12G,4.7,338,11.9,996.3,0.00,8.46
12H,4.7,318,12.6,996.3,0.00,10.17
12I,4.7,335,12.5,996.3,0.00,14.23
12L,4.7,300,11.9,996.3,0.00,0.00
12M,4.7,500,13.6,996.3,0.08,7.39
12N,4.7,300,12.7,996.3,0.08,12.36
12X,4.7,437,6.7,996.3,0.12,12.00
13A,7.3,370,9.4,955.9,0.09,8.56
13B,7.3,300,12.5,955.9,0.03,10.83
13C,7.3,325,12.1,955.9,0.44,12.78
13D,7.3,400,12.0,955.9,0.59,9.61
13E,7.3,500,11.8,955.9,0.07,11.35
13F,7.3,372,10.9,955.9,0.09,7.95
13G,7.3,416,11.0,955.9,0.00,3.30
13H,7.3,404,11.7,955.9,1.11,8.78
13I,7.3,350,11.8,955.9,0.37,7.46
13X,7.3,450,16.7,955.9,0.32,10.07
15A,7.5,478,10.5,782.3,0.16,10.65
15B,7.5,458,9.9,782.3,0.05,5.61
15C,7.5,400,10.7,782.3,0.08,11.61
15D,7.5,458,11.8,782.3,0.01,10.03
15E,7.5,443,11.0,782.3,0.42,6.76
15F,7.5,450,10.5,782.3,0.16,8.49
15G,7.5,404,11.7,782.3,0.03,7.42
16A,1.5,468,10.3,735.0,0.87,7.66
16B,1.5,390,10.3,735.0,0.10,8.79
16C,1.5,473,12.6,735.0,0.01,9.04
16D,1.5,476,10.1,735.0,0.05,0.00
16E,1.5,450,12.3,735.0,1.72,6.05
16F,1.5,350,12.0,735.0,0.48,6.35
16X,1.5,463,1.6,735.0,1.48,7.90
18A,1.8,523,9.8,752.2,0.25,6.88
18B,1.8,411,10.0,752.2,0.12,7.80
18C,1.8,400,12.2,752.2,0.10,12.17
18D,1.8,494,9.8,752.2,0.32,8.25
18E,1.8,450,12.5,752.2,0.11,11.67
18F,1.8,396,11.9,752.2,0.01,9.42
19A,5.5,441,10.8,811.8,0.23,6.26
19B,5.5,395,11.1,811.8,0.39,9.72
19C,5.5,375,11.4,811.8,0.09,12.91
19D,5.5,360,12.4,811.8,0.04,11.00
19E,5.5,396,11.4,811.8,0.05,9.96
19F,5.5,587,8.8,811.8,0.09,4.99
19G,5.5,313,11.8,811.8,0.01,9.94
19H,5.5,340,12.6,811.8,0.00,11.96
20A,1.7,450,11.2,832.6,0.07,5.39
20B,1.7,500,11.9,832.6,0.01,6.08
20C,1.7,350,11.5,832.6,0.10,7.70
20D,1.7,550,11.4,832.6,0.20,5.85
20E,1.7,500,12.1,832.6,0.02,7.90
20F,1.7,400,13.3,832.6,0.04,7.43
20G,1.7,392,10.7,832.6,0.03,7.75
20H,1.7,370,12.3,832.6,0.02,9.69
20I,1.7,401,12.1,832.6,0.00,10.92
20L,1.7,400,12.1,832.6,0.01,9.48
20M,1.7,344,12.3,832.6,0.04,10.88
20N,1.7,366,13.2,832.6,0.01,11.65
20O,1.7,366,12.5,832.6,0.00,0.00
20X,1.7,600,9.3,832.6,0.16,6.80
