zu;perc_ater_tot_abitazioni;prezzo_camere_mese;perc_giovani_tot_pop;reddito_lordo_mese;Densita_servizi_kmq;Tasso_disoccupazione
01A;2.4;600;11.3;790.7;2.3000;7.75
01B;2.4;560;10.1;790.7;1.3149;12.5
01C;2.4;512;11.2;790.7;0.4000;8.13
01D;2.4;450;9.9;790.7;1.0769;9.53
01E;2.4;520;9.9;790.7;1.6007;8.54
01F;2.4;540;9.8;790.7;2.1135;6.3
01G;2.4;560;9.7;790.7;0.9702;7.11
01X;2.4;525;7.3;790.7;0.0518;2.98
17A;2.4;614;9.7;790.7;0.1826;9.13
17B;2.4;490;10;790.7;0.4760;4.98
17C;2.4;540;9.4;790.7;0.5942;6.71
02A;1;380;8.3;757.03;0.7720;5.56
02B;1;614;11.2;757.03;0.7483;6.32
02C;1;525;9.6;757.03;0.3406;4.74
02D;1;522;11.1;757.03;0.0490;4.5
02E;1;496;11;757.03;0.7148;6.53
02X;1;565;9.8;757.03;2.2200;8.85
02Y;1;600;12.3;757.03;0.3434;7.69
03A;1;492;11.7;757.03;0.0333;8.08
03B;1;481;11;757.03;0.2874;8.02
03X;1;360;15.8;757.03;0.1912;9.05
03Y;1;512;8.9;757.03;0.4274;7.25
04A;10.2;423;10.2;772.09;0.2523;11.03
04B;10.2;361;9.1;772.09;0.1365;10.77
04C;10.2;350;10.4;772.09;0.1104;8.85
04D;10.2;295;11.8;772.09;0.6290;7.74
04E;10.2;400;10.7;772.09;0.8478;7.33
04F;10.2;443;10.7;772.09;0.4713;14.39
04G;10.2;452;10;772.09;0.0315;11.85
04H;10.2;467;10.7;772.09;0.0956;8.49
04I;10.2;390;11;772.09;0.0086;11.03
04L;10.2;429;10.9;772.09;0.0014;12.2
04M;10.2;410;10.7;772.09;0.6567;8.76
04N;10.2;600;11.6;772.09;0.2549;10.54
04O;10.2;421;12.6;772.09;0.1972;11.89
05A;16.7;418;11.1;766.94;0.2756;10.87
05B;16.7;403;10.4;766.94;0.1532;13.4
05C;16.7;439;11;766.94;0.0331;17.01
05D;16.7;357;11.4;766.94;0.3378;8.96
05E;16.7;428;13.2;766.94;0.2555;10.02
05F;16.7;300;12.9;766.94;0.0175;6.65
05G;16.7;421;10.8;766.94;0.0529;11.4
05H;16.7;365;11.7;766.94;1.0979;9.38
05I;16.7;340;13.5;766.94;0.2679;10.15
05L;16.7;363;11.9;766.94;0.6076;10.59
06A;7.2;405;11;756.7;0.4921;9.51
06B;7.2;407;10.8;756.7;0.7133;10.59
06C;7.2;382;11.2;756.7;0.2751;11.41
06D;7.2;357;11;756.7;0.2714;10.4
07A;7.2;383;11.5;756.7;0.1657;11.77
07B;7.2;345;11.7;756.7;0.1280;9.95
07C;7.2;425;11.8;756.7;0.0247;6.81
07D;7.2;363;13.1;756.7;0.0532;11.56
07E;7.2;385;11.6;756.7;0.0471;10.55
07F;7.2;357;12.7;756.7;0.1412;36.76
07G;7.2;382;13.1;756.7;0.2724;10.78
07H;7.2;425;10.5;756.7;0.0852;12.05
08A;10;337;11.6;791.22;0.0142;7.76
08B;10;372;12.7;791.22;0.0495;11.47
08C;10;319;12.7;791.22;0.0958;13.04
08D;10;379;10.4;791.22;0.0331;12.75
08E;10;420;11.1;791.22;0.0072;12.09
08F;10;353;12.8;791.22;1.1308;8.17
08G;10;457;13.7;791.22;0.7690;8.39
08H;10;420;11.1;791.22;0.0989;13.96
09A;1.3;464;10.2;766.7;0.9925;7.78
09B;1.3;442;10.4;766.7;0.6981;7.36
09C;1.3;416;12;766.7;0.7647;9.91
09D;1.3;485;10.4;766.7;0.3081;8.51
09E;1.3;494;10.6;766.7;0.0563;8.48
10A;1.3;403;10.6;766.7;0.1518;8.85
10B;1.3;406;10.9;766.7;0.2888;7.17
10C;1.3;405;10.1;766.7;0.1362;10.81
10D;1.3;400;11.6;766.7;0.1177;11.82
10E;1.3;400;10.6;766.7;0.0989;9.67
10F;1.3;414;11.6;766.7;0.0856;7.71
10G;1.3;411;12.9;766.7;0.0805;9.7
10H;1.3;367;12.1;766.7;0.0639;11.9
10I;1.3;392;10.5;766.7;0.8982;8.61
10L;1.3;430;11.7;766.7;0.2279;9.21
10X;1.3;450;18.3;766.7;0.7807;8.56
11A;6.8;454;10.4;754.94;0.2308;5.5
11B;6.8;467;10.9;754.94;0.1837;7.13
11C;6.8;467;10.2;754.94;0.2437;6.41
11D;6.8;486;10;754.94;0.0772;6.97
11E;6.8;408;10.2;754.94;0.0127;6.79
11F;6.8;410;11.1;754.94;0.0038;17.35
11G;6.8;425;10.1;754.94;0.0194;6.01
11X;6.8;400;12.7;754.94;0.0070;7.13
11Y;6.8;389;12.7;754.94;0.0132;6.97
12A;4.7;380;11.8;996.28;0.0102;9.97
12B;4.7;388;10.6;996.28;0.0035;6.78
12C;4.7;410;12;996.28;0.0076;7
12D;4.7;477;10.5;996.28;0.0068;9.45
12E;4.7;405;11.5;996.28;0.0015;7.55
12F;4.7;500;9.8;996.28;0.0006;8.29
12G;4.7;338;11.9;996.28;0.0003;8.46
12H;4.7;318;12.6;996.28;0.0009;10.17
12I;4.7;335;12.5;996.28;0.0019;14.23
12L;4.7;300;11.9;996.28;0.0035;0
12M;4.7;500;13.6;996.28;0.0810;7.39
12N;4.7;300;12.7;996.28;0.0764;12.36
12X;4.7;437;6.7;996.28;0.1225;12
13A;7.3;370;9.4;955.87;0.0914;8.56
13B;7.3;300;12.5;955.87;0.0289;10.83
13C;7.3;325;12.1;955.87;0.4366;12.78
13D;7.3;400;12;955.87;0.5910;9.61
13E;7.3;500;11.8;955.87;0.0672;11.35
13F;7.3;372;10.9;955.87;0.0872;7.95
13G;7.3;416;11;955.87;0.0029;3.3
13H;7.3;404;11.7;955.87;1.1111;8.78
13I;7.3;350;11.8;955.87;0.3707;7.46
13X;7.3;450;16.7;955.87;0.3220;10.07
15A;7.5;478;10.5;782.32;0.1589;10.65
15B;7.5;458;9.9;782.32;0.0478;5.61
15C;7.5;400;10.7;782.32;0.0803;11.61
15D;7.5;458;11.8;782.32;0.0101;10.03
15E;7.5;443;11;782.32;0.4236;6.76
15F;7.5;450;10.5;782.32;0.1568;8.49
15G;7.5;404;11.7;782.32;0.0255;7.42
16A;1.5;468;10.3;735.01;0.8724;7.66
16B;1.5;390;10.3;735.01;0.1000;8.79
16C;1.5;473;12.6;735.01;0.0097;9.04
16D;1.5;476;10.1;735.01;0.0526;0
16E;1.5;450;12.3;735.01;1.7235;6.05
16F;1.5;350;12;735.01;0.4823;6.35
16X;1.5;463;1.6;735.01;1.4815;7.9
18A;1.8;523;9.8;752.17;0.2524;6.88
18B;1.8;411;10;752.17;0.1158;7.8
18C;1.8;400;12.2;752.17;0.0952;12.17
18D;1.8;494;9.8;752.17;0.3230;8.25
18E;1.8;450;12.5;752.17;0.1091;11.67
18F;1.8;396;11.9;752.17;0.0064;9.42
19A;5.5;441;10.8;811.84;0.2333;6.26
19B;5.5;395;11.1;811.84;0.3923;9.72
19C;5.5;375;11.4;811.84;0.0902;12.91
19D;5.5;360;12.4;811.84;0.0437;11
19E;5.5;396;11.4;811.84;0.0479;9.96
19F;5.5;587;8.8;811.84;0.0870;4.99
19G;5.5;313;11.8;811.84;0.0101;9.94
19H;5.5;340;12.6;811.84;0.0011;11.96
20A;1.7;450;11.2;832.57;0.0714;5.39
20B;1.7;500;11.9;832.57;0.0147;6.08
20C;1.7;350;11.5;832.57;0.0960;7.7
20D;1.7;550;11.4;832.57;0.2008;5.85
20E;1.7;500;12.1;832.57;0.0203;7.9
20F;1.7;400;13.3;832.57;0.0418;7.43
20G;1.7;392;10.7;832.57;0.0259;7.75
20H;1.7;370;12.3;832.57;0.0161;9.69
20I;1.7;401;12.1;832.57;0.0038;10.92
20L;1.7;400;12.1;832.57;0.0084;9.48
20M;1.7;344;12.3;832.57;0.0421;10.88
20N;1.7;366;13.2;832.57;0.0100;11.65
20O;1.7;366;12.5;832.57;0.0009;0
20X;1.7;600;9.3;832.57;0.1554;6.8
