zu;perc_ATER_tot_abitazioni;reddito;prezzo_camere_mese;per_young_tot_pop
01A;2.4;9488.46;600;11.29
01B;2.4;9488.46;560;10.08
01C;2.4;9488.46;512;11.21
01D;2.4;9488.46;450;9.93
01E;2.4;9488.46;520;9.93
01F;2.4;9488.46;540;9.82
01G;2.4;9488.46;560;9.72
01X;2.4;9488.46;525;7.29
17A;2.4;9488.46;614;9.66
17B;2.4;9488.46;490;9.97
17C;2.4;9488.46;540;9.42
02A;1.0;9084.33;380;82.98
02B;1.0;9084.33;614;11.24
02C;1.0;9084.33;525;9.61
02D;1.0;9084.33;522;11.07
02E;1.0;9084.33;496;11.02
02X;1.0;9084.33;;9.75
02Y;1.0;9084.33;600;12.33
03A;1.0;9084.33;492;11.67
03B;1.0;9084.33;481;11.01
03X;1.0;9084.33;360;15.82
03Y;1.0;9084.33;512;8.85
04A;10.2;9265.02;423;10.20
04B;10.2;9265.02;361;9.10
04C;10.2;9265.02;350;10.35
04D;10.2;9265.02;295;11.82
04E;10.2;9265.02;400;10.73
04F;10.2;9265.02;443;10.70
04G;10.2;9265.02;452;9.97
04H;10.2;9265.02;467;10.73
04I;10.2;9265.02;390;11.02
04L;10.2;9265.02;;10.85
04M;10.2;9265.02;;106.88
04N;10.2;9265.02;600;11.58
04O;10.2;9265.02;;12.57
05A;16.7;9203.33;418;11.06
05B;16.7;9203.33;403;10.39
05C;16.7;9203.33;439;11.00
05D;16.7;9203.33;357;11.35
05E;16.7;9203.33;428;13.24
05F;16.7;9203.33;300;128.67
05G;16.7;9203.33;421;10.79
05H;16.7;9203.33;365;116.59
05I;16.7;9203.33;340;13.45
05L;16.7;9203.33;363;11.90
06A;7.2;9080.41;405;10.95
06B;7.2;9080.41;407;10.75
06C;7.2;9080.41;382;11.15
06D;7.2;9080.41;357;11.01
07A;7.2;9080.41;383;11.51
07B;7.2;9080.41;345;11.68
07C;7.2;9080.41;425;11.82
07D;7.2;9080.41;;13.09
07E;7.2;9080.41;;11.59
07F;7.2;9080.41;;12.65
07G;7.2;9080.41;;13.12
07H;7.2;9080.41;;10.46
08A;10.0;9494.58;337;11.62
08B;10.0;9494.58;372;12.65
08C;10.0;9494.58;319;12.72
08D;10.0;9494.58;;10.43
08E;10.0;9494.58;420;11.13
08F;10.0;9494.58;353;127.47
08G;10.0;9494.58;457;13.74
08H;10.0;9494.58;;11.05
09A;1.3;9200.44;464;10.18
09B;1.3;9200.44;442;10.39
09C;1.3;9200.44;;12.01
09D;1.3;9200.44;485;10.42
09E;1.3;9200.44;494;10.63
10A;1.3;9200.44;403;10.60
10B;1.3;9200.44;406;10.93
10C;1.3;9200.44;;10.14
10D;1.3;9200.44;;11.58
10E;1.3;9200.44;400;10.64
10F;1.3;9200.44;414;11.55
10G;1.3;9200.44;411;12.86
10H;1.3;9200.44;367;12.11
10I;1.3;9200.44;392;10.54
10L;1.3;9200.44;430;11.73
10X;1.3;9200.44;450;18.34
11A;6.8;9059.31;454;10.41
11B;6.8;9059.31;467;10.87
11C;6.8;9059.31;467;10.18
11D;6.8;9059.31;486;100.38
11E;6.8;9059.31;408;10.24
11F;6.8;9059.31;410;110.84
11G;6.8;9059.31;425;10.09
11X;6.8;9059.31;400;12.74
11Y;6.8;9059.31;;12.72
12A;4.7;11955.35;380;117.94
12B;4.7;11955.35;388;106.09
12C;4.7;11955.35;410;11.97
12D;4.7;11955.35;477;10.54
12E;4.7;11955.35;405;11.46
12F;4.7;11955.35;500;9.79
12G;4.7;11955.35;338;11.88
12H;4.7;11955.35;318;12.56
12I;4.7;11955.35;335;12.49
12L;4.7;11955.35;300;11.85
12M;4.7;11955.35;500;13.59
12N;4.7;11955.35;;12.71
12X;4.7;11955.35;;6.67
13A;7.3;11470.49;370;9.38
13B;7.3;11470.49;300;12.45
13C;7.3;11470.49;325;12.13
13D;7.3;11470.49;;12.03
13E;7.3;11470.49;500;11.83
13F;7.3;11470.49;372;10.94
13G;7.3;11470.49;416;10.96
13H;7.3;11470.49;404;117.11
13I;7.3;11470.49;350;11.81
13X;7.3;11470.49;450;16.67
15A;7.5;9387.79;478;10.47
15B;7.5;9387.79;458;98.57
15C;7.5;9387.79;400;10.66
15D;7.5;9387.79;458;11.82
15E;7.5;9387.79;;10.96
15F;7.5;9387.79;450;10.52
15G;7.5;9387.79;;11.74
16A;1.5;8820.17;468;102.59
16B;1.5;8820.17;390;10.34
16C;1.5;8820.17;473;12.63
16D;1.5;8820.17;476;10.09
16E;1.5;8820.17;450;12.27
16F;1.5;8820.17;350;11.96
16X;1.5;8820.17;;1.55
18A;1.8;9026.0;523;9.75
18B;1.8;9026.0;411;10.02
18C;1.8;9026.0;400;12.22
18D;1.8;9026.0;494;9.83
18E;1.8;9026.0;450;12.46
18F;1.8;9026.0;;11.88
19A;5.5;9742.14;441;10.80
19B;5.5;9742.14;395;11.14
19C;5.5;9742.14;375;11.41
19D;5.5;9742.14;360;12.43
19E;5.5;9742.14;396;114.45
19F;5.5;9742.14;587;8.78
19G;5.5;9742.14;313;11.83
19H;5.5;9742.14;;12.55
20A;1.7;9990.81;450;11.22
20B;1.7;9990.81;500;11.89
20C;1.7;9990.81;350;11.51
20D;1.7;9990.81;550;11.38
20E;1.7;9990.81;500;12.11
20F;1.7;9990.81;400;13.33
20G;1.7;9990.81;392;10.71
20H;1.7;9990.81;370;12.28
20I;1.7;9990.81;;12.08
20L;1.7;9990.81;400;12.07
20M;1.7;9990.81;344;12.26
20N;1.7;9990.81;366;13.23
20O;1.7;9990.81;;12.50
20X;1.7;9990.81;600;9.32
